Sokoban;;sokoban/sokoban-01.htm;https://en.wikipedia.org/wiki/Sokoban;sokoban-01;1981 Hiroyuki Imabayashi
Sokoban;;sokoban/sokoban-02.htm;https://en.wikipedia.org/wiki/Sokoban;sokoban-02;1981 Hiroyuki Imabayashi
Sokoban;;sokoban/sokoban-03.htm;https://en.wikipedia.org/wiki/Sokoban;sokoban-03;1981 Hiroyuki Imabayashi
Sokoban;;sokoban/sokoban-04.htm;https://en.wikipedia.org/wiki/Sokoban;sokoban-04;1981 Hiroyuki Imabayashi
Sokoban;;sokoban/sokoban-05.htm;https://en.wikipedia.org/wiki/Sokoban;sokoban-05;1981 Hiroyuki Imabayashi
Sokoban;;sokoban/sokoban-06.htm;https://en.wikipedia.org/wiki/Sokoban;sokoban-06;1981 Hiroyuki Imabayashi
Sokoban;;sokoban/sokoban-07.htm;https://en.wikipedia.org/wiki/Sokoban;sokoban-07;1981 Hiroyuki Imabayashi
Sokoban;;sokoban/sokoban-08.htm;https://en.wikipedia.org/wiki/Sokoban;sokoban-08;1981 Hiroyuki Imabayashi
Sokoban;;sokoban/sokoban-09.htm;https://en.wikipedia.org/wiki/Sokoban;sokoban-09;1981 Hiroyuki Imabayashi
Sokoban;;sokoban/sokoban-10.htm;https://en.wikipedia.org/wiki/Sokoban;sokoban-10;1981 Hiroyuki Imabayashi
Sokoban;;sokoban/sokoban-11.htm;https://en.wikipedia.org/wiki/Sokoban;sokoban-11;1981 Hiroyuki Imabayashi
Sokoban;;sokoban/sokoban-12.htm;https://en.wikipedia.org/wiki/Sokoban;sokoban-12;1981 Hiroyuki Imabayashi
Sokoban;;sokoban/sokoban-13.htm;https://en.wikipedia.org/wiki/Sokoban;sokoban-13;1981 Hiroyuki Imabayashi
Sokoban;;sokoban/sokoban-14.htm;https://en.wikipedia.org/wiki/Sokoban;sokoban-14;1981 Hiroyuki Imabayashi
Sokoban;;sokoban/sokoban-15.htm;https://en.wikipedia.org/wiki/Sokoban;sokoban-15;1981 Hiroyuki Imabayashi
Sokoban;;sokoban/sokoban-16.htm;https://en.wikipedia.org/wiki/Sokoban;sokoban-16;1981 Hiroyuki Imabayashi
Sokoban;;sokoban/sokoban-17.htm;https://en.wikipedia.org/wiki/Sokoban;sokoban-17;1981 Hiroyuki Imabayashi
Sokoban;;sokoban/sokoban-18.htm;https://en.wikipedia.org/wiki/Sokoban;sokoban-18;1981 Hiroyuki Imabayashi
Sokoban;;sokoban/sokoban-19.htm;https://en.wikipedia.org/wiki/Sokoban;sokoban-19;1981 Hiroyuki Imabayashi
Sokoban;;sokoban/sokoban-20.htm;https://en.wikipedia.org/wiki/Sokoban;sokoban-20;1981 Hiroyuki Imabayashi
Sokoban;;sokoban/sokoban-21.htm;https://en.wikipedia.org/wiki/Sokoban;sokoban-21;1981 Hiroyuki Imabayashi
Sokoban;;sokoban/sokoban-22.htm;https://en.wikipedia.org/wiki/Sokoban;sokoban-22;1981 Hiroyuki Imabayashi
Sokoban;;sokoban/sokoban-23.htm;https://en.wikipedia.org/wiki/Sokoban;sokoban-23;1981 Hiroyuki Imabayashi
Sokoban;;sokoban/sokoban-24.htm;https://en.wikipedia.org/wiki/Sokoban;sokoban-24;1981 Hiroyuki Imabayashi
Sokoban;;sokoban/sokoban-25.htm;https://en.wikipedia.org/wiki/Sokoban;sokoban-25;1981 Hiroyuki Imabayashi
Sokoban;;sokoban/sokoban-26.htm;https://en.wikipedia.org/wiki/Sokoban;sokoban-26;1981 Hiroyuki Imabayashi
Sokoban;;sokoban/sokoban-27.htm;https://en.wikipedia.org/wiki/Sokoban;sokoban-27;1981 Hiroyuki Imabayashi
Sokoban;;sokoban/sokoban-28.htm;https://en.wikipedia.org/wiki/Sokoban;sokoban-28;1981 Hiroyuki Imabayashi
Sokoban;;sokoban/sokoban-29.htm;https://en.wikipedia.org/wiki/Sokoban;sokoban-29;1981 Hiroyuki Imabayashi
Sokoban;;sokoban/sokoban-30.htm;https://en.wikipedia.org/wiki/Sokoban;sokoban-30;1981 Hiroyuki Imabayashi
Sokoban;;sokoban/sokoban-31.htm;https://en.wikipedia.org/wiki/Sokoban;sokoban-31;1981 Hiroyuki Imabayashi
Sokoban;;sokoban/sokoban-32.htm;https://en.wikipedia.org/wiki/Sokoban;sokoban-32;1981 Hiroyuki Imabayashi
Sokoban;;sokoban/sokoban-33.htm;https://en.wikipedia.org/wiki/Sokoban;sokoban-33;1981 Hiroyuki Imabayashi
Sokoban;;sokoban/sokoban-34.htm;https://en.wikipedia.org/wiki/Sokoban;sokoban-34;1981 Hiroyuki Imabayashi
Sokoban;;sokoban/sokoban-35.htm;https://en.wikipedia.org/wiki/Sokoban;sokoban-35;1981 Hiroyuki Imabayashi
Sokoban;;sokoban/sokoban-36.htm;https://en.wikipedia.org/wiki/Sokoban;sokoban-36;1981 Hiroyuki Imabayashi
Sokoban;;sokoban/sokoban-37.htm;https://en.wikipedia.org/wiki/Sokoban;sokoban-37;1981 Hiroyuki Imabayashi
Sokoban;;sokoban/sokoban-38.htm;https://en.wikipedia.org/wiki/Sokoban;sokoban-38;1981 Hiroyuki Imabayashi
Sokoban;;sokoban/sokoban-39.htm;https://en.wikipedia.org/wiki/Sokoban;sokoban-39;1981 Hiroyuki Imabayashi
Sokoban;;sokoban/sokoban-40.htm;https://en.wikipedia.org/wiki/Sokoban;sokoban-40;1981 Hiroyuki Imabayashi
Sokoban;;sokoban/sokoban-41.htm;https://en.wikipedia.org/wiki/Sokoban;sokoban-41;1981 Hiroyuki Imabayashi
Sokoban;;sokoban/sokoban-42.htm;https://en.wikipedia.org/wiki/Sokoban;sokoban-42;1981 Hiroyuki Imabayashi
Sokoban;;sokoban/sokoban-43.htm;https://en.wikipedia.org/wiki/Sokoban;sokoban-43;1981 Hiroyuki Imabayashi
Sokoban;;sokoban/sokoban-44.htm;https://en.wikipedia.org/wiki/Sokoban;sokoban-44;1981 Hiroyuki Imabayashi
Sokoban;;sokoban/sokoban-45.htm;https://en.wikipedia.org/wiki/Sokoban;sokoban-45;1981 Hiroyuki Imabayashi
Sokoban;;sokoban/sokoban-46.htm;https://en.wikipedia.org/wiki/Sokoban;sokoban-46;1981 Hiroyuki Imabayashi
Sokoban;;sokoban/sokoban-47.htm;https://en.wikipedia.org/wiki/Sokoban;sokoban-47;1981 Hiroyuki Imabayashi
Sokoban;;sokoban/sokoban-48.htm;https://en.wikipedia.org/wiki/Sokoban;sokoban-48;1981 Hiroyuki Imabayashi
Sokoban;;sokoban/sokoban-49.htm;https://en.wikipedia.org/wiki/Sokoban;sokoban-49;1981 Hiroyuki Imabayashi
Sokoban;;sokoban/sokoban-50.htm;https://en.wikipedia.org/wiki/Sokoban;sokoban-50;1981 Hiroyuki Imabayashi
Sokoban;;sokoban/sokoban-51.htm;https://en.wikipedia.org/wiki/Sokoban;sokoban-51;1981 Hiroyuki Imabayashi
Sokoban;;sokoban/sokoban-52.htm;https://en.wikipedia.org/wiki/Sokoban;sokoban-52;1981 Hiroyuki Imabayashi
Sokoban;;sokoban/sokoban-53.htm;https://en.wikipedia.org/wiki/Sokoban;sokoban-53;1981 Hiroyuki Imabayashi
Sokoban;;sokoban/sokoban-54.htm;https://en.wikipedia.org/wiki/Sokoban;sokoban-54;1981 Hiroyuki Imabayashi
Sokoban;;sokoban/sokoban-55.htm;https://en.wikipedia.org/wiki/Sokoban;sokoban-55;1981 Hiroyuki Imabayashi
Sokoban;;sokoban/sokoban-56.htm;https://en.wikipedia.org/wiki/Sokoban;sokoban-56;1981 Hiroyuki Imabayashi
Sokoban;;sokoban/sokoban-57.htm;https://en.wikipedia.org/wiki/Sokoban;sokoban-57;1981 Hiroyuki Imabayashi
Sokoban;;sokoban/sokoban-58.htm;https://en.wikipedia.org/wiki/Sokoban;sokoban-58;1981 Hiroyuki Imabayashi
Sokoban;;sokoban/sokoban-59.htm;https://en.wikipedia.org/wiki/Sokoban;sokoban-59;1981 Hiroyuki Imabayashi
Sokoban;;sokoban/sokoban-60.htm;https://en.wikipedia.org/wiki/Sokoban;sokoban-60;1981 Hiroyuki Imabayashi
