Step by step;;sliding-puzzles/fujiware_1.htm;;fujiware_1;Hirofumi Fujiware
Step by step;;sliding-puzzles/fujiware_2.htm;;fujiware_2;Hirofumi Fujiware
Step by step;;sliding-puzzles/fujiware_3.htm;;fujiware_2;Hirofumi Fujiware
Step by step;;sliding-puzzles/fujiware_4.htm;;fujiware_4;Hirofumi Fujiware
Step by step;;sliding-puzzles/fujiware_5.htm;;fujiware_5;Hirofumi Fujiware
Step by step;;sliding-puzzles/fujiware_6.htm;;fujiware_6;Hirofumi Fujiware
Step by step;;sliding-puzzles/fujiware_7.htm;;fujiware_7;Hirofumi Fujiware
Step by step;;sliding-puzzles/fujiware_8.htm;;fujiware_8;Hirofumi Fujiware
Step by step;;sliding-puzzles/fujiware_9.htm;;fujiware_9;Hirofumi Fujiware
Step by step;;sliding-puzzles/fujiware_10.htm;;fujiware_9;Hirofumi Fujiware
Step by step;;sliding-puzzles/fujiware_11.htm;;fujiware_6;Hirofumi Fujiware
Step by step;;sliding-puzzles/fujiware_12.htm;;fujiware_12;Hirofumi Fujiware
Step by step;;sliding-puzzles/fujiware_13.htm;;fujiware_6;Hirofumi Fujiware
Step by step;;sliding-puzzles/fujiware_14.htm;;fujiware_14;Hirofumi Fujiware
Step by step;;sliding-puzzles/fujiware_15.htm;;fujiware_2;Hirofumi Fujiware
Step by step;;sliding-puzzles/fujiware_16.htm;;fujiware_8;Hirofumi Fujiware
Step by step;;sliding-puzzles/fujiware_17.htm;;fujiware_9;Hirofumi Fujiware
Step by step;;sliding-puzzles/fujiware_18.htm;;fujiware_14;Hirofumi Fujiware
Step by step;;sliding-puzzles/fujiware_19.htm;;fujiware_2;Hirofumi Fujiware
Step by step;;sliding-puzzles/fujiware_20.htm;;fujiware_20;Hirofumi Fujiware
Step by step;;sliding-puzzles/fujiware_21.htm;;fujiware_21;Hirofumi Fujiware
Step by step;;sliding-puzzles/fujiware_22.htm;;fujiware_8;Hirofumi Fujiware
Step by step;;sliding-puzzles/fujiware_23.htm;;fujiware_21;Hirofumi Fujiware
Step by step;;sliding-puzzles/fujiware_24.htm;;fujiware_24;Hirofumi Fujiware
Step by step;;sliding-puzzles/fujiware_25.htm;;fujiware_25;Hirofumi Fujiware
