Abalone;;elimination/abalone.htm?selector=1;https://en.wikipedia.org/wiki/Abalone_(board_game);abalone-1;1987 Michel Lalet and Laurent Levi
Abalone;;elimination/abalone.htm?selector=2;https://en.wikipedia.org/wiki/Abalone_(board_game);abalone-2;1987 Michel Lalet and Laurent Levi
Abalone;;elimination/abalone.htm?selector=3;https://en.wikipedia.org/wiki/Abalone_(board_game);abalone-3;1987 Michel Lalet and Laurent Levi
Abalone;;elimination/abalone.htm?selector=4;https://en.wikipedia.org/wiki/Abalone_(board_game);abalone-4;1987 Michel Lalet and Laurent Levi
Abalone;;elimination/abalone.htm?selector=5;https://en.wikipedia.org/wiki/Abalone_(board_game);abalone-5;1987 Michel Lalet and Laurent Levi
Abalone;;elimination/abalone.htm?selector=6;https://en.wikipedia.org/wiki/Abalone_(board_game);abalone-6;1987 Michel Lalet and Laurent Levi
Abalone;;elimination/abalone.htm?selector=7;https://en.wikipedia.org/wiki/Abalone_(board_game);abalone-7;1987 Michel Lalet and Laurent Levi
Abalone;;elimination/abalone.htm?selector=8;https://en.wikipedia.org/wiki/Abalone_(board_game);abalone-8;1987 Michel Lalet and Laurent Levi
Abalone;;elimination/abalone.htm?selector=9;https://en.wikipedia.org/wiki/Abalone_(board_game);abalone-9;1987 Michel Lalet and Laurent Levi
Abalone;;elimination/abalone.htm?selector=10;https://en.wikipedia.org/wiki/Abalone_(board_game);abalone-10;1987 Michel Lalet and Laurent Levi
Abalone;;elimination/abalone.htm?selector=11;https://en.wikipedia.org/wiki/Abalone_(board_game);abalone-11;1987 Michel Lalet and Laurent Levi
Abalone;;elimination/abalone.htm?selector=12;https://en.wikipedia.org/wiki/Abalone_(board_game);abalone-12;1987 Michel Lalet and Laurent Levi
Abalone;;elimination/abalone.htm?selector=13;https://en.wikipedia.org/wiki/Abalone_(board_game);abalone-13;1987 Michel Lalet and Laurent Levi
Abalone;;elimination/abalone.htm?selector=14;https://en.wikipedia.org/wiki/Abalone_(board_game);abalone-14;1987 Michel Lalet and Laurent Levi
Abalone;;elimination/abalone.htm?selector=15;https://en.wikipedia.org/wiki/Abalone_(board_game);abalone-15;1987 Michel Lalet and Laurent Levi
Abalone;;elimination/abalone.htm?selector=16;https://en.wikipedia.org/wiki/Abalone_(board_game);abalone-16;1987 Michel Lalet and Laurent Levi
Abalone;;elimination/abalone.htm?selector=17;https://en.wikipedia.org/wiki/Abalone_(board_game);abalone-17;1987 Michel Lalet and Laurent Levi
Abalone;;elimination/abalone.htm?selector=18;https://en.wikipedia.org/wiki/Abalone_(board_game);abalone-18;1987 Michel Lalet and Laurent Levi
Abalone;;elimination/abalone.htm?selector=19;https://en.wikipedia.org/wiki/Abalone_(board_game);abalone-19;1987 Michel Lalet and Laurent Levi
Abalone;;elimination/abalone.htm?selector=20;https://en.wikipedia.org/wiki/Abalone_(board_game);abalone-20;1987 Michel Lalet and Laurent Levi
Abalone;;elimination/abalone.htm?selector=21;https://en.wikipedia.org/wiki/Abalone_(board_game);abalone-21;1987 Michel Lalet and Laurent Levi
Abalone;;elimination/abalone.htm?selector=22;https://en.wikipedia.org/wiki/Abalone_(board_game);abalone-22;1987 Michel Lalet and Laurent Levi
Abalone;;elimination/abalone.htm?selector=23;https://en.wikipedia.org/wiki/Abalone_(board_game);abalone-23;1987 Michel Lalet and Laurent Levi
Abalone;;elimination/abalone.htm?selector=24;https://en.wikipedia.org/wiki/Abalone_(board_game);abalone-24;1987 Michel Lalet and Laurent Levi
Abalone;;elimination/abalone.htm?selector=25;https://en.wikipedia.org/wiki/Abalone_(board_game);abalone-25;1987 Michel Lalet and Laurent Levi
Abalone;;elimination/abalone.htm?selector=26;https://en.wikipedia.org/wiki/Abalone_(board_game);abalone-26;1987 Michel Lalet and Laurent Levi
Abalone;;elimination/abalone.htm?selector=27;https://en.wikipedia.org/wiki/Abalone_(board_game);abalone-27;1987 Michel Lalet and Laurent Levi
Abalone;;elimination/abalone.htm?selector=28;https://en.wikipedia.org/wiki/Abalone_(board_game);abalone-28;1987 Michel Lalet and Laurent Levi
Abalone;;elimination/abalone.htm?selector=29;https://en.wikipedia.org/wiki/Abalone_(board_game);abalone-29;1987 Michel Lalet and Laurent Levi
Abalone;;elimination/abalone.htm?selector=30;https://en.wikipedia.org/wiki/Abalone_(board_game);abalone-30;1987 Michel Lalet and Laurent Levi
Abalone;;elimination/abalone.htm?selector=31;https://en.wikipedia.org/wiki/Abalone_(board_game);abalone-31;1987 Michel Lalet and Laurent Levi
Abalone;;elimination/abalone.htm?selector=32;https://en.wikipedia.org/wiki/Abalone_(board_game);abalone-32;1987 Michel Lalet and Laurent Levi
Abalone;;elimination/abalone.htm?selector=33;https://en.wikipedia.org/wiki/Abalone_(board_game);abalone-33;1987 Michel Lalet and Laurent Levi
Abalone;;elimination/abalone.htm?selector=34;https://en.wikipedia.org/wiki/Abalone_(board_game);abalone-34;1987 Michel Lalet and Laurent Levi
Abalone;;elimination/abalone.htm?selector=35;https://en.wikipedia.org/wiki/Abalone_(board_game);abalone-35;1987 Michel Lalet and Laurent Levi
Abalone;;elimination/abalone.htm?selector=36;https://en.wikipedia.org/wiki/Abalone_(board_game);abalone-36;1987 Michel Lalet and Laurent Levi
Abalone;;elimination/abalone.htm?selector=37;https://en.wikipedia.org/wiki/Abalone_(board_game);abalone-37;1987 Michel Lalet and Laurent Levi
Abalone;;elimination/abalone.htm?selector=38;https://en.wikipedia.org/wiki/Abalone_(board_game);abalone-38;1987 Michel Lalet and Laurent Levi
Abalone;;elimination/abalone.htm?selector=39;https://en.wikipedia.org/wiki/Abalone_(board_game);abalone-39;1987 Michel Lalet and Laurent Levi
Abalone;;elimination/abalone.htm?selector=40;https://en.wikipedia.org/wiki/Abalone_(board_game);abalone-40;1987 Michel Lalet and Laurent Levi
Abalone;;elimination/abalone.htm?selector=41;https://en.wikipedia.org/wiki/Abalone_(board_game);abalone-41;1987 Michel Lalet and Laurent Levi
Abalone;;elimination/abalone.htm?selector=42;https://en.wikipedia.org/wiki/Abalone_(board_game);abalone-42;1987 Michel Lalet and Laurent Levi
Abalone;;elimination/abalone.htm?selector=43;https://en.wikipedia.org/wiki/Abalone_(board_game);abalone-43;1987 Michel Lalet and Laurent Levi
Abalone;;elimination/abalone.htm?selector=44;https://en.wikipedia.org/wiki/Abalone_(board_game);abalone-44;1987 Michel Lalet and Laurent Levi
Abalone;;elimination/abalone.htm?selector=45;https://en.wikipedia.org/wiki/Abalone_(board_game);abalone-45;1987 Michel Lalet and Laurent Levi
Abalone;;elimination/abalone.htm?selector=46;https://en.wikipedia.org/wiki/Abalone_(board_game);abalone-46;1987 Michel Lalet and Laurent Levi
Abalone;;elimination/abalone.htm?selector=47;https://en.wikipedia.org/wiki/Abalone_(board_game);abalone-47;1987 Michel Lalet and Laurent Levi
Abalone;;elimination/abalone.htm?selector=48;https://en.wikipedia.org/wiki/Abalone_(board_game);abalone-48;1987 Michel Lalet and Laurent Levi
Abalone;;elimination/abalone.htm?selector=49;https://en.wikipedia.org/wiki/Abalone_(board_game);abalone-49;1987 Michel Lalet and Laurent Levi
Abalone;;elimination/abalone.htm?selector=50;https://en.wikipedia.org/wiki/Abalone_(board_game);abalone-50;1987 Michel Lalet and Laurent Levi
Abalone;;elimination/abalone.htm?selector=51;https://en.wikipedia.org/wiki/Abalone_(board_game);abalone-51;1987 Michel Lalet and Laurent Levi
Abalone;;elimination/abalone.htm?selector=52;https://en.wikipedia.org/wiki/Abalone_(board_game);abalone-52;1987 Michel Lalet and Laurent Levi
Abalone;;elimination/abalone.htm?selector=53;https://en.wikipedia.org/wiki/Abalone_(board_game);abalone-53;1987 Michel Lalet and Laurent Levi
Abalone;;elimination/abalone.htm?selector=54;https://en.wikipedia.org/wiki/Abalone_(board_game);abalone-54;1987 Michel Lalet and Laurent Levi
Abalone;;elimination/abalone.htm?selector=55;https://en.wikipedia.org/wiki/Abalone_(board_game);abalone-55;1987 Michel Lalet and Laurent Levi
Abalone;;elimination/abalone.htm?selector=56;https://en.wikipedia.org/wiki/Abalone_(board_game);abalone-56;1987 Michel Lalet and Laurent Levi
Abalone;;elimination/abalone.htm?selector=57;https://en.wikipedia.org/wiki/Abalone_(board_game);abalone-57;1987 Michel Lalet and Laurent Levi
Abalone;;elimination/abalone.htm?selector=58;https://en.wikipedia.org/wiki/Abalone_(board_game);abalone-58;1987 Michel Lalet and Laurent Levi
Abalone;;elimination/abalone.htm?selector=59;https://en.wikipedia.org/wiki/Abalone_(board_game);abalone-59;1987 Michel Lalet and Laurent Levi
Abalone;;elimination/abalone.htm?selector=60;https://en.wikipedia.org/wiki/Abalone_(board_game);abalone-60;1987 Michel Lalet and Laurent Levi
