LightOff puzzles;;light-off/hex-light-off-01.htm;;hex-lights-off-01;
LightOff puzzles;;light-off/hex-light-off-02.htm;;hex-lights-off-02;
LightOff puzzles;;light-off/hex-light-off-03.htm;;hex-lights-off-03;
LightOff puzzles;;light-off/hex-light-off-04.htm;;hex-lights-off-04;
LightOff puzzles;;light-off/hex-light-off-05.htm;;hex-lights-off-05;
LightOff puzzles;;light-off/hex-light-off-06.htm;;hex-lights-off-06;
LightOff puzzles;;light-off/hex-light-off-07.htm;;hex-lights-off-07;
LightOff puzzles;;light-off/hex-light-off-08.htm;;hex-lights-off-08;
LightOff puzzles;;light-off/hex-light-off-09.htm;;hex-lights-off-09;
LightOff puzzles;;light-off/hex-light-off-10.htm;;hex-lights-off-10;
LightOff puzzles;;light-off/hex-light-off-11.htm;;hex-lights-off-11;
LightOff puzzles;;light-off/hex-light-off-12.htm;;hex-lights-off-12;
LightOff puzzles;;light-off/hex-light-off-13.htm;;hex-lights-off-13;
LightOff puzzles;;light-off/hex-light-off-14.htm;;hex-lights-off-14;
LightOff puzzles;;light-off/hex-light-off.htm;;hex-lights-off;
