Shatranj;;checkmate/shatranj.htm?selector=93;https://en.wikipedia.org/wiki/Shatranj;shatranj-93;
Shatranj;;checkmate/dark-shatranj.htm;https://en.wikipedia.org/wiki/Shatranj;dark-shatranj;
Shatranj;;checkmate/shatranj.htm?selector=1;https://en.wikipedia.org/wiki/Shatranj;shatranj-1;
Shatranj;;checkmate/shatranj.htm?selector=2;https://en.wikipedia.org/wiki/Shatranj;shatranj-2;
Shatranj;;checkmate/shatranj.htm?selector=3;https://en.wikipedia.org/wiki/Shatranj;shatranj-3;
Shatranj;;checkmate/shatranj.htm?selector=4;https://en.wikipedia.org/wiki/Shatranj;shatranj-4;
Shatranj;;checkmate/shatranj.htm?selector=5;https://en.wikipedia.org/wiki/Shatranj;shatranj-5;
Shatranj;;checkmate/shatranj.htm?selector=6;https://en.wikipedia.org/wiki/Shatranj;shatranj-6;
Shatranj;;checkmate/shatranj.htm?selector=7;https://en.wikipedia.org/wiki/Shatranj;shatranj-7;
Shatranj;;checkmate/shatranj.htm?selector=8;https://en.wikipedia.org/wiki/Shatranj;shatranj-8;
Shatranj;;checkmate/shatranj.htm?selector=9;https://en.wikipedia.org/wiki/Shatranj;shatranj-9;
Shatranj;;checkmate/shatranj.htm?selector=10;https://en.wikipedia.org/wiki/Shatranj;shatranj-10;
Shatranj;;checkmate/shatranj.htm?selector=11;https://en.wikipedia.org/wiki/Shatranj;shatranj-11;
Shatranj;;checkmate/shatranj.htm?selector=12;https://en.wikipedia.org/wiki/Shatranj;shatranj-12;
Shatranj;;checkmate/shatranj.htm?selector=13;https://en.wikipedia.org/wiki/Shatranj;shatranj-13;
Shatranj;;checkmate/shatranj.htm?selector=14;https://en.wikipedia.org/wiki/Shatranj;shatranj-14;
Shatranj;;checkmate/shatranj.htm?selector=15;https://en.wikipedia.org/wiki/Shatranj;shatranj-15;
Shatranj;;checkmate/shatranj.htm?selector=16;https://en.wikipedia.org/wiki/Shatranj;shatranj-16;
Shatranj;;checkmate/shatranj.htm?selector=17;https://en.wikipedia.org/wiki/Shatranj;shatranj-17;
Shatranj;;checkmate/shatranj.htm?selector=18;https://en.wikipedia.org/wiki/Shatranj;shatranj-18;
Shatranj;;checkmate/shatranj.htm?selector=19;https://en.wikipedia.org/wiki/Shatranj;shatranj-19;
Shatranj;;checkmate/shatranj.htm?selector=20;https://en.wikipedia.org/wiki/Shatranj;shatranj-20;
Shatranj;;checkmate/shatranj.htm?selector=21;https://en.wikipedia.org/wiki/Shatranj;shatranj-21;
Shatranj;;checkmate/shatranj.htm?selector=22;https://en.wikipedia.org/wiki/Shatranj;shatranj-22;
Shatranj;;checkmate/shatranj.htm?selector=23;https://en.wikipedia.org/wiki/Shatranj;shatranj-23;
Shatranj;;checkmate/shatranj.htm?selector=24;https://en.wikipedia.org/wiki/Shatranj;shatranj-24;
Shatranj;;checkmate/shatranj.htm?selector=25;https://en.wikipedia.org/wiki/Shatranj;shatranj-25;
Shatranj;;checkmate/shatranj.htm?selector=26;https://en.wikipedia.org/wiki/Shatranj;shatranj-26;
Shatranj;;checkmate/shatranj.htm?selector=27;https://en.wikipedia.org/wiki/Shatranj;shatranj-27;
Shatranj;;checkmate/shatranj.htm?selector=28;https://en.wikipedia.org/wiki/Shatranj;shatranj-28;
Shatranj;;checkmate/shatranj.htm?selector=29;https://en.wikipedia.org/wiki/Shatranj;shatranj-29;
Shatranj;;checkmate/shatranj.htm?selector=30;https://en.wikipedia.org/wiki/Shatranj;shatranj-30;
Shatranj;;checkmate/shatranj.htm?selector=31;https://en.wikipedia.org/wiki/Shatranj;shatranj-31;
Shatranj;;checkmate/shatranj.htm?selector=32;https://en.wikipedia.org/wiki/Shatranj;shatranj-32;
Shatranj;;checkmate/shatranj.htm?selector=33;https://en.wikipedia.org/wiki/Shatranj;shatranj-33;
Shatranj;;checkmate/shatranj.htm?selector=34;https://en.wikipedia.org/wiki/Shatranj;shatranj-34;
Shatranj;;checkmate/shatranj.htm?selector=35;https://en.wikipedia.org/wiki/Shatranj;shatranj-35;
Shatranj;;checkmate/shatranj.htm?selector=36;https://en.wikipedia.org/wiki/Shatranj;shatranj-36;
Shatranj;;checkmate/shatranj.htm?selector=37;https://en.wikipedia.org/wiki/Shatranj;shatranj-37;
Shatranj;;checkmate/shatranj.htm?selector=38;https://en.wikipedia.org/wiki/Shatranj;shatranj-38;
Shatranj;;checkmate/shatranj.htm?selector=39;https://en.wikipedia.org/wiki/Shatranj;shatranj-39;
Shatranj;;checkmate/shatranj.htm?selector=40;https://en.wikipedia.org/wiki/Shatranj;shatranj-40;
Shatranj;;checkmate/shatranj.htm?selector=41;https://en.wikipedia.org/wiki/Shatranj;shatranj-41;
Shatranj;;checkmate/shatranj.htm?selector=42;https://en.wikipedia.org/wiki/Shatranj;shatranj-42;
Shatranj;;checkmate/shatranj.htm?selector=43;https://en.wikipedia.org/wiki/Shatranj;shatranj-43;
Shatranj;;checkmate/shatranj.htm?selector=44;https://en.wikipedia.org/wiki/Shatranj;shatranj-44;
Shatranj;;checkmate/shatranj.htm?selector=45;https://en.wikipedia.org/wiki/Shatranj;shatranj-45;
Shatranj;;checkmate/shatranj.htm?selector=46;https://en.wikipedia.org/wiki/Shatranj;shatranj-46;
Shatranj;;checkmate/shatranj.htm?selector=47;https://en.wikipedia.org/wiki/Shatranj;shatranj-47;
Shatranj;;checkmate/shatranj.htm?selector=48;https://en.wikipedia.org/wiki/Shatranj;shatranj-48;
Shatranj;;checkmate/shatranj.htm?selector=49;https://en.wikipedia.org/wiki/Shatranj;shatranj-49;
Shatranj;;checkmate/shatranj.htm?selector=50;https://en.wikipedia.org/wiki/Shatranj;shatranj-50;
Shatranj;;checkmate/shatranj.htm?selector=51;https://en.wikipedia.org/wiki/Shatranj;shatranj-51;
Shatranj;;checkmate/shatranj.htm?selector=52;https://en.wikipedia.org/wiki/Shatranj;shatranj-52;
Shatranj;;checkmate/shatranj.htm?selector=53;https://en.wikipedia.org/wiki/Shatranj;shatranj-53;
Shatranj;;checkmate/shatranj.htm?selector=54;https://en.wikipedia.org/wiki/Shatranj;shatranj-54;
Shatranj;;checkmate/shatranj.htm?selector=55;https://en.wikipedia.org/wiki/Shatranj;shatranj-55;
Shatranj;;checkmate/shatranj.htm?selector=56;https://en.wikipedia.org/wiki/Shatranj;shatranj-56;
Shatranj;;checkmate/shatranj.htm?selector=57;https://en.wikipedia.org/wiki/Shatranj;shatranj-57;
Shatranj;;checkmate/shatranj.htm?selector=58;https://en.wikipedia.org/wiki/Shatranj;shatranj-58;
Shatranj;;checkmate/shatranj.htm?selector=59;https://en.wikipedia.org/wiki/Shatranj;shatranj-59;
Shatranj;;checkmate/shatranj.htm?selector=60;https://en.wikipedia.org/wiki/Shatranj;shatranj-60;
Shatranj;;checkmate/shatranj.htm?selector=61;https://en.wikipedia.org/wiki/Shatranj;shatranj-61;
Shatranj;;checkmate/shatranj.htm?selector=62;https://en.wikipedia.org/wiki/Shatranj;shatranj-62;
Shatranj;;checkmate/shatranj.htm?selector=63;https://en.wikipedia.org/wiki/Shatranj;shatranj-63;
Shatranj;;checkmate/shatranj.htm?selector=64;https://en.wikipedia.org/wiki/Shatranj;shatranj-64;
Shatranj;;checkmate/shatranj.htm?selector=65;https://en.wikipedia.org/wiki/Shatranj;shatranj-65;
Shatranj;;checkmate/shatranj.htm?selector=66;https://en.wikipedia.org/wiki/Shatranj;shatranj-66;
Shatranj;;checkmate/shatranj.htm?selector=67;https://en.wikipedia.org/wiki/Shatranj;shatranj-67;
Shatranj;;checkmate/shatranj.htm?selector=68;https://en.wikipedia.org/wiki/Shatranj;shatranj-68;
Shatranj;;checkmate/shatranj.htm?selector=69;https://en.wikipedia.org/wiki/Shatranj;shatranj-69;
Shatranj;;checkmate/shatranj.htm?selector=70;https://en.wikipedia.org/wiki/Shatranj;shatranj-70;
Shatranj;;checkmate/shatranj.htm?selector=71;https://en.wikipedia.org/wiki/Shatranj;shatranj-71;
Shatranj;;checkmate/shatranj.htm?selector=72;https://en.wikipedia.org/wiki/Shatranj;shatranj-72;
Shatranj;;checkmate/shatranj.htm?selector=73;https://en.wikipedia.org/wiki/Shatranj;shatranj-73;
Shatranj;;checkmate/shatranj.htm?selector=74;https://en.wikipedia.org/wiki/Shatranj;shatranj-74;
Shatranj;;checkmate/shatranj.htm?selector=75;https://en.wikipedia.org/wiki/Shatranj;shatranj-75;
Shatranj;;checkmate/shatranj.htm?selector=76;https://en.wikipedia.org/wiki/Shatranj;shatranj-76;
Shatranj;;checkmate/shatranj.htm?selector=77;https://en.wikipedia.org/wiki/Shatranj;shatranj-77;
Shatranj;;checkmate/shatranj.htm?selector=78;https://en.wikipedia.org/wiki/Shatranj;shatranj-78;
Shatranj;;checkmate/shatranj.htm?selector=79;https://en.wikipedia.org/wiki/Shatranj;shatranj-79;
Shatranj;;checkmate/shatranj.htm?selector=80;https://en.wikipedia.org/wiki/Shatranj;shatranj-80;
Shatranj;;checkmate/shatranj.htm?selector=81;https://en.wikipedia.org/wiki/Shatranj;shatranj-81;
Shatranj;;checkmate/shatranj.htm?selector=82;https://en.wikipedia.org/wiki/Shatranj;shatranj-82;
Shatranj;;checkmate/shatranj.htm?selector=83;https://en.wikipedia.org/wiki/Shatranj;shatranj-83;
Shatranj;;checkmate/shatranj.htm?selector=84;https://en.wikipedia.org/wiki/Shatranj;shatranj-84;
Shatranj;;checkmate/shatranj.htm?selector=85;https://en.wikipedia.org/wiki/Shatranj;shatranj-85;
Shatranj;;checkmate/shatranj.htm?selector=86;https://en.wikipedia.org/wiki/Shatranj;shatranj-86;
Shatranj;;checkmate/shatranj.htm?selector=87;https://en.wikipedia.org/wiki/Shatranj;shatranj-87;
Shatranj;;checkmate/shatranj.htm?selector=88;https://en.wikipedia.org/wiki/Shatranj;shatranj-88;
Shatranj;;checkmate/shatranj.htm?selector=89;https://en.wikipedia.org/wiki/Shatranj;shatranj-89;
Shatranj;;checkmate/shatranj.htm?selector=90;https://en.wikipedia.org/wiki/Shatranj;shatranj-90;
Shatranj;;checkmate/shatranj.htm?selector=91;https://en.wikipedia.org/wiki/Shatranj;shatranj-91;
Shatranj;;checkmate/shatranj.htm?selector=92;https://en.wikipedia.org/wiki/Shatranj;shatranj-92;
