Pasang;;pasang/pasang.htm?selector=1;https://en.wikipedia.org/wiki/Pasang_(game);pasang-1;
Pasang;;pasang/pasang.htm?selector=2;https://en.wikipedia.org/wiki/Pasang_(game);pasang-2;
Pasang;;pasang/pasang.htm?selector=3;https://en.wikipedia.org/wiki/Pasang_(game);pasang-3;
Pasang;;pasang/pasang.htm?selector=4;https://en.wikipedia.org/wiki/Pasang_(game);pasang-4;
Pasang;;pasang/pasang.htm?selector=5;https://en.wikipedia.org/wiki/Pasang_(game);pasang-5;
Pasang;;pasang/pasang.htm?selector=6;https://en.wikipedia.org/wiki/Pasang_(game);pasang-6;
Pasang;;pasang/pasang.htm?selector=7;https://en.wikipedia.org/wiki/Pasang_(game);pasang-7;
Pasang;;pasang/pasang.htm?selector=8;https://en.wikipedia.org/wiki/Pasang_(game);pasang-8;
Pasang;;pasang/pasang.htm?selector=9;https://en.wikipedia.org/wiki/Pasang_(game);pasang-9;
Pasang;;pasang/pasang.htm?selector=10;https://en.wikipedia.org/wiki/Pasang_(game);pasang-10;
Pasang;;pasang/pasang.htm?selector=11;https://en.wikipedia.org/wiki/Pasang_(game);pasang-11;
Pasang;;pasang/pasang.htm?selector=12;https://en.wikipedia.org/wiki/Pasang_(game);pasang-12;
Pasang;;pasang/pasang.htm?selector=13;https://en.wikipedia.org/wiki/Pasang_(game);pasang-13;
Pasang;;pasang/pasang.htm?selector=14;https://en.wikipedia.org/wiki/Pasang_(game);pasang-14;
Pasang;;pasang/pasang.htm?selector=15;https://en.wikipedia.org/wiki/Pasang_(game);pasang-15;
Pasang;;pasang/pasang.htm?selector=16;https://en.wikipedia.org/wiki/Pasang_(game);pasang-16;
Pasang;;pasang/pasang.htm?selector=17;https://en.wikipedia.org/wiki/Pasang_(game);pasang-17;
Pasang;;pasang/pasang.htm?selector=18;https://en.wikipedia.org/wiki/Pasang_(game);pasang-18;
Pasang;;pasang/pasang.htm?selector=19;https://en.wikipedia.org/wiki/Pasang_(game);pasang-19;
Pasang;;pasang/pasang.htm?selector=20;https://en.wikipedia.org/wiki/Pasang_(game);pasang-20;
Pasang;;pasang/pasang.htm?selector=21;https://en.wikipedia.org/wiki/Pasang_(game);pasang-21;
Pasang;;pasang/pasang.htm?selector=22;https://en.wikipedia.org/wiki/Pasang_(game);pasang-22;
Pasang;;pasang/pasang.htm?selector=23;https://en.wikipedia.org/wiki/Pasang_(game);pasang-23;
Pasang;;pasang/pasang.htm?selector=24;https://en.wikipedia.org/wiki/Pasang_(game);pasang-24;
Pasang;;pasang/pasang.htm?selector=25;https://en.wikipedia.org/wiki/Pasang_(game);pasang-25;
Pasang;;pasang/pasang.htm?selector=26;https://en.wikipedia.org/wiki/Pasang_(game);pasang-26;
Pasang;;pasang/pasang.htm?selector=27;https://en.wikipedia.org/wiki/Pasang_(game);pasang-27;
Pasang;;pasang/pasang.htm?selector=28;https://en.wikipedia.org/wiki/Pasang_(game);pasang-28;
Pasang;;pasang/pasang.htm?selector=29;https://en.wikipedia.org/wiki/Pasang_(game);pasang-29;
Pasang;;pasang/pasang.htm?selector=30;https://en.wikipedia.org/wiki/Pasang_(game);pasang-30;
Pasang;;pasang/pasang.htm?selector=31;https://en.wikipedia.org/wiki/Pasang_(game);pasang-31;
Pasang;;pasang/pasang.htm?selector=32;https://en.wikipedia.org/wiki/Pasang_(game);pasang-32;
Pasang;;pasang/pasang.htm?selector=33;https://en.wikipedia.org/wiki/Pasang_(game);pasang-33;
Pasang;;pasang/pasang.htm?selector=34;https://en.wikipedia.org/wiki/Pasang_(game);pasang-34;
Pasang;;pasang/pasang.htm?selector=35;https://en.wikipedia.org/wiki/Pasang_(game);pasang-35;
Pasang;;pasang/pasang.htm?selector=36;https://en.wikipedia.org/wiki/Pasang_(game);pasang-36;
Pasang;;pasang/pasang.htm?selector=37;https://en.wikipedia.org/wiki/Pasang_(game);pasang-37;
Pasang;;pasang/pasang.htm?selector=38;https://en.wikipedia.org/wiki/Pasang_(game);pasang-38;
Pasang;;pasang/pasang.htm?selector=39;https://en.wikipedia.org/wiki/Pasang_(game);pasang-39;
