Filler;;control/filler-40x20.htm?selector=0;;filler-0;
Filler;;control/filler-40x20.htm?selector=1;;filler-1;
Filler;;control/filler-40x20.htm?selector=2;;filler-2;
Filler;;control/filler-40x20.htm?selector=3;;filler-3;
Filler;;control/filler-40x20.htm?selector=4;;filler-4;
Filler;;control/filler-40x20.htm?selector=5;;filler-5;
Filler;;control/filler-40x20.htm?selector=6;;filler-6;
Filler;;control/filler-40x20.htm?selector=7;;filler-7;
Filler;;control/filler-40x20.htm?selector=8;;filler-8;
Filler;;control/filler.htm;;filler;
