Schreiber's puzzles;;sliding-puzzles/schreiber_1.htm;;schreiber_1;S.Schreiber
Schreiber's puzzles;;sliding-puzzles/schreiber_2.htm;;schreiber_2;S.Schreiber
Schreiber's puzzles;;sliding-puzzles/schreiber_3.htm;;schreiber_3;S.Schreiber
Schreiber's puzzles;;sliding-puzzles/schreiber_4.htm;;schreiber_4;S.Schreiber
Schreiber's puzzles;;sliding-puzzles/schreiber_5.htm;;schreiber_5;S.Schreiber
Schreiber's puzzles;;sliding-puzzles/schreiber_6.htm;;schreiber_6;S.Schreiber
Schreiber's puzzles;;sliding-puzzles/schreiber_7.htm;;schreiber_7;S.Schreiber
Schreiber's puzzles;;sliding-puzzles/schreiber_8.htm;;schreiber_8;S.Schreiber
Schreiber's puzzles;;sliding-puzzles/schreiber_9.htm;;schreiber_9;S.Schreiber
Schreiber's puzzles;;sliding-puzzles/schreiber_10.htm;;schreiber_10;S.Schreiber
